{
    "best_model_name": "Random Forest",
    "dataset_statistics": {
        "total_rows": 284807,
        "fraud_count": 492,
        "legit_count": 284315,
        "fraud_percentage": 0.1727485630620034
    },
    "model_performances": {
        "Random Forest": {
            "accuracy": 0.9993504441557529,
            "precision": 0.7699115044247787,
            "recall": 0.8877551020408163,
            "f1_score": 0.8246445497630331,
            "roc_auc": 0.977382124768872,
            "confusion_matrix": [
                [
                    56838,
                    26
                ],
                [
                    11,
                    87
                ]
            ],
            "train_time_seconds": 26.639572381973267
        },
        "XGBoost": {
            "accuracy": 0.9992451107756047,
            "precision": 0.7433628318584071,
            "recall": 0.8571428571428571,
            "f1_score": 0.7962085308056872,
            "roc_auc": 0.9779601239764336,
            "confusion_matrix": [
                [
                    56835,
                    29
                ],
                [
                    14,
                    84
                ]
            ],
            "train_time_seconds": 2.851504325866699
        },
        "LightGBM": {
            "accuracy": 0.9993153330290369,
            "precision": 0.7657657657657657,
            "recall": 0.8673469387755102,
            "f1_score": 0.8133971291866029,
            "roc_auc": 0.9768744688364935,
            "confusion_matrix": [
                [
                    56838,
                    26
                ],
                [
                    13,
                    85
                ]
            ],
            "train_time_seconds": 2.236215829849243
        }
    }
}